,x,t,c,y
0,1.764052345967664,4.583700959906308,15.465594213967597,14.306266852372595
1,0.4001572083672233,1.8895618054675998,5.865270459539494,4.808398219627447
2,0.9787379841057392,2.9152444857989517,9.75986772525177,8.771316429810689
3,2.240893199201458,5.492257801346244,18.636520777156196,17.611357752274206
4,1.8675579901499675,4.757921312812342,15.989349870985855,15.110435434780213
5,-0.977277879876411,-0.9344077650823788,-3.910408444562474,-4.871035073393035
6,0.9500884175255894,2.9542541935812174,9.690220467125586,8.681695209668547
7,-0.1513572082976979,0.5154778203662472,1.538741680422982,0.528799481752128
8,-0.10321885179355784,0.7886298893981271,2.184900154440058,1.3379617788799194
9,0.41059850193837233,1.8451003640014212,6.047673066518306,5.014910748594828
10,0.144043571160878,1.1880541074263853,3.873275832851729,2.845356183600308
11,1.454273506962975,4.075945584627021,13.378024314560976,12.415729435188254
12,0.7610377251469934,2.5382313770178038,8.424356556930173,7.423939057021921
13,0.12167501649282841,1.3996905074885497,4.084946575779578,3.2332957311163777
14,0.44386323274542566,1.8086741633075438,5.828423183680174,4.976402745212609
15,0.33367432737426683,1.576618642596001,5.107366949946717,4.093898223712893
16,1.4940790731576061,4.010583368411781,13.507517594741477,12.574289913833093
17,-0.20515826376580087,0.4218146361855326,1.2692807865188986,0.2704363385413288
18,0.31306770165090136,1.647631962364412,5.006730437753376,3.9227813705216152
19,-0.8540957393017248,-0.6984695554031577,-2.9121741184009013,-3.8947811253703857
20,-2.5529898158340787,-4.004413103513947,-15.140236727099202,-15.859169921616282
21,0.6536185954403606,2.377341324997231,7.766829230172592,6.781894593974681
22,0.8644361988595057,2.687124662730508,8.904046279997647,7.9521506821970505
23,-0.7421650204064419,-0.5940797062899084,-2.318762741156515,-3.295293305724223
24,2.2697546239876076,5.710739770109545,19.31090037231848,18.220927291061322
25,-1.4543656745987648,-1.9879428512540445,-7.585497170904106,-8.427644152309995
26,0.04575851730144607,0.9869645788959456,3.120865005628743,2.0964693432379446
27,-0.1871838500258336,0.5171466940021883,1.7357528586113764,0.5787224674202532
28,1.5327792143584575,4.177288960270582,13.89294591390585,12.955540225402695
29,1.469358769900285,3.886827519358085,13.217530621048361,12.170297832429787
30,0.1549474256969163,1.2345244047757726,4.104877016090208,3.0082464381931278
31,0.37816251960217356,1.770094021794682,5.716734682969076,4.695711539058866
32,-0.8877857476301128,-0.7962659663159546,-3.3249916141387126,-4.25648191610557
33,-1.980796468223927,-3.0294024825264785,-10.935540463955205,-11.864588362884405
34,-0.3479121493261526,0.37957484804554276,0.9453046666951327,-0.12907534868146558
35,0.15634896910398005,1.4192294874177598,4.428053413858503,3.36883850478033
36,1.2302906807277207,3.5591131123494284,11.701855510226379,10.780502351733501
37,1.2023798487844113,3.4814516645349425,11.602086659339093,10.719733974775203
38,-0.3873268174079523,0.265608918297099,0.35946866868861216,-0.5124506598964882
39,-0.30230275057533557,0.21780569885314596,0.7667580486515914,-0.39940713746688566
40,-1.0485529650670926,-0.9301808494964884,-4.13442276430789,-5.12762825226884
41,-1.4200179371789752,-1.809836953322195,-6.629637669285178,-7.86566052785052
42,-1.7062701906250126,-2.351724738489961,-8.841072706017993,-9.896627266325048
43,1.9507753952317897,5.01304702275832,16.906471238339954,15.862519006056573
44,-0.5096521817516535,0.12403088678489219,-0.2262618299249859,-1.2568890787555043
45,-0.4380743016111864,0.1656911979085465,0.12709041681233263,-0.9728245682074039
46,-1.2527953600499262,-1.462036104170287,-5.826582117577684,-6.7299757990732765
47,0.7774903558319101,2.495058283917848,8.665884321060492,7.449883010223418
48,-1.6138978475579515,-2.224486720002027,-8.470310279622247,-9.460280109361063
49,-0.2127402802139687,0.4891033134906271,1.3426641302330284,0.4130041394523095
50,-0.8954665611936756,-0.8629271756015408,-3.56774626171472,-4.598002361943562
51,0.386902497859262,1.6844475554871048,5.677096305827422,4.567862418224342
52,-0.510805137568873,-0.03721266423747478,-0.7962866613882537,-1.695531173809956
53,-1.180632184122412,-1.2563550494528233,-4.910089338255522,-5.96677627549963
54,-0.028182228338654868,1.2607330206517082,3.373920192929564,2.4455646086882115
55,0.42833187053041766,1.8756137048156267,6.01036630575174,5.060993659069188
56,0.06651722238316789,0.9981931359907239,3.045161764698763,2.094110006574266
57,0.3024718977397814,1.7314421284651882,5.381197083298555,4.304842936649963
58,-0.6343220936809636,-0.2987225750095299,-1.5905969649002931,-2.4796896917208553
59,-0.3627411659871381,0.20845680862802454,0.4063087229890262,-0.612952888014435
60,-0.672460447775951,-0.32393594775959655,-1.4066854010789192,-2.37234361467066
61,-0.3595531615405413,0.15683121696329466,0.1725677638194613,-0.7427112183846858
62,-0.813146282044454,-0.6040462476880474,-2.6712799492480124,-3.5499275889725643
63,-1.7262826023316769,-2.461402756983269,-9.377635546664093,-10.257346714212494
64,0.17742614225375283,1.3646900751890534,3.965289789240679,3.128669391005959
65,-0.4017809362082619,0.23457975300439332,0.31788393929808245,-0.7717327800768443
66,-1.6301983469660446,-2.2536474682080083,-8.54179806314113,-9.517632746878007
67,0.4627822555257742,1.9271983194628375,6.407248523856261,5.391383330849636
68,-0.9072983643832422,-0.7861652768666899,-3.21742857971298,-4.3352475161611395
69,0.05194539579613895,1.1454308542093907,3.4629043689533567,2.5849160846465122
70,0.7290905621775369,2.3550328783235477,7.951861123056698,7.04601569058827
71,0.12898291075741067,1.1149666956462765,3.64663164922252,2.6211600955531416
72,1.1394006845433007,3.27263756386938,10.831249201541391,10.013657156749428
73,-1.2348258203536526,-1.612925189700716,-5.993808639096167,-6.93593778779648
74,0.402341641177549,1.8134364294472651,5.795252175152585,4.887741482462632
75,-0.6848100909403132,-0.27574549431239537,-1.5246348320507197,-2.5575870762676733
76,-0.8707971491818818,-0.6808831311721589,-3.0291042591155537,-3.986522672479167
77,-0.5788496647644155,-0.26251637021137825,-1.0102698086320228,-2.2110847365697186
78,-0.31155253212737266,0.2908686905495028,0.9132385494905533,-0.18055058771638616
79,0.05616534222974544,1.1451608139595664,3.444795429151932,2.530119277579463
80,-1.1651498407833565,-1.3704294620800639,-5.242459828891819,-6.203728485146135
81,0.9008264869541871,2.7699874444031636,9.220172850481665,8.25493130177321
82,0.46566243973045984,1.991015527585715,6.608408496897006,5.27775106198595
83,-1.5362436862772237,-2.171216041900213,-8.204912794737458,-9.053892830339644
84,1.4882521937955997,3.936380916600081,13.390208037775448,12.369854067734988
85,1.8958891760305832,4.7117701044527065,15.765825411056293,14.974268624592446
86,1.1787795711596507,3.253246192515766,10.965504594493531,9.966198338614124
87,-0.17992483581235091,0.5544425095081817,1.8882507018066252,0.697261645615724
88,-1.0707526215105425,-1.0737590260864438,-4.209198490165645,-5.168352946998234
89,1.0544517269311366,3.1140854928105153,10.335386000881872,9.224930558734668
90,-0.40317694697317963,0.10573004317013325,0.15798267905556543,-0.8354057983491142
91,1.2224450703824274,3.4217799800055553,11.447501470391293,10.489751342073836
92,0.2082749780768603,1.2526692254415026,4.10349724051581,3.1286628764104494
93,0.9766390364837128,2.879946792209059,9.619779266286983,8.678469530804984
94,0.3563663971744019,1.9276902478355324,5.969928272707837,5.03253409989682
95,0.7065731681919482,2.404121951417321,7.634176308273719,6.767195749506168
96,0.010500020720820478,1.09416593414468,3.416128364482279,2.265448291587335
97,1.7858704939058352,4.565192150297222,15.354201122993803,14.393508762573148
98,0.12691209270361992,1.2886411089314207,4.044474779988434,3.0150973489118584
99,0.40198936344470165,1.8703045358573207,6.013203610734073,5.100856795878052
100,1.8831506970562544,4.655839734359861,16.072788883188757,14.961089827247223
101,-1.3477590611424464,-1.6986117480122886,-6.430440748645619,-7.403085170854836
102,-1.2704849984857336,-1.3830834775298184,-5.545770039478849,-6.536666772693068
103,0.9693967081580112,2.859243361310693,9.363819833598775,8.54671749712837
104,-1.17312340511416,-1.4028907956015417,-5.13439025044317,-6.173987871557131
105,1.9436211856492926,4.856473243561885,16.89560743927977,15.714456868797747
106,-0.41361898075974735,0.19966444579812997,0.1417425279287295,-0.7713497134712793
107,-0.7474548114407578,-0.44241783651692723,-2.1656944795256114,-3.119871564155363
108,1.9229420264803847,4.972625218442635,16.554054738969494,15.667887134790996
109,1.4805147914344243,4.010979406215714,13.41377038184383,12.400854164419792
110,1.8675589604265699,4.728912608273307,16.23798817587167,15.231585756080989
111,0.9060446582753853,2.938006029511852,9.80609564827221,8.735587538122763
112,-0.8612256850547025,-0.6520402678952468,-2.8389763851534644,-3.894123739833556
113,1.9100649530990337,4.670561954572365,15.832074110856158,14.913325715474718
114,-0.2680033709513804,0.7166300821328391,1.3685436693270756,0.34604886442063826
115,0.8024563957963952,2.7819049304124635,8.830006271515437,7.862836382187685
116,0.947251967773748,2.877682513270788,9.474955592525635,8.584058890263307
117,-0.1550100930908342,0.7277708239921792,2.1178946848598947,1.130580272156156
118,0.6140793703460803,2.3605946156917446,7.878427743012663,6.498261721515952
119,0.9222066715665268,2.8271932638633657,9.703005151460957,8.471488088060362
120,0.37642553115562943,1.825886241348961,5.925349832106418,4.911367172329653
121,-1.0994007905841945,-1.0883437338112414,-4.2881504868883855,-5.4620362076894615
122,0.298238174206056,1.494993757638668,4.865918914601993,3.87045725101662
123,1.3263858966870303,3.5925386080157744,12.02804472072463,11.033358554668778
124,-0.6945678597313655,-0.2969948796816728,-1.9928980481408616,-2.7979408693778853
125,-0.14963454032767076,0.7468123670595416,1.9903205199832243,1.086331076577653
126,-0.43515355172163744,0.2220725525881198,0.040243770292586925,-0.8814063033087655
127,1.8492637284793418,4.685270655493312,15.941337531356524,14.93058562818998
128,0.6722947570124355,2.3156889929294473,7.644932938812504,6.643534485326576
129,0.40746183624111043,1.6150597249238836,5.461025128367777,4.5189193635069635
130,-0.7699160744453164,-0.6544321915413771,-2.755962667515032,-3.6970813475616477
131,0.5392491912918173,2.083204992049484,6.733984180055308,5.750599493616103
132,-0.6743326606573761,-0.2662095993583285,-1.503940122893699,-2.365798957825471
133,0.03183055827435118,1.116778953202272,3.1878071113521647,2.2490709673890206
134,-0.635846078378881,-0.2845163541605321,-1.5428574735185467,-2.5047284865377173
135,0.6764332949464997,2.3256894332439297,7.496845187822215,6.621740081129502
136,0.5765908166149409,2.17489959649371,7.091025989746513,6.124049779072967
137,-0.20829875557799488,0.5912236069532255,1.5763094630632226,0.6597901794166734
138,0.3960067126616453,1.932467976817262,6.126673168961797,5.003134929760849
139,-1.0930615087305058,-1.1714789404131867,-4.689664220842272,-5.6652838411283595
140,-1.4912575927056055,-2.130639781630941,-7.781905068734657,-8.762950501909
141,0.4393917012645369,1.7515275890258422,5.917016470894928,4.874213660192791
142,0.16667349537252904,1.4852229244414161,4.452223636433462,3.3965268047493997
143,0.6350314368921064,2.1529468276392048,6.9997677889275876,6.173391969357603
144,2.383144774863942,5.842739295031238,19.560015116592247,18.597693527503
145,0.9444794869904138,2.8621217004598893,9.328604128316313,8.419507360941521
146,-0.9128222254441586,-0.8426202802785657,-3.4494686369108574,-4.434951612491536
147,1.117016288095853,3.220619297914864,10.828440625317707,9.882073877437598
148,-1.3159074105115212,-1.5096763250771226,-5.921860357072842,-6.937567303358623
149,-0.461584604814709,0.05754660751618558,-0.4775833696347012,-1.3795374450784856
150,-0.06824160532463124,0.8601848610662222,2.3188425611937378,1.3756192853457565
151,1.7133427216493666,4.273605093558785,14.64559039446325,13.704706361355486
152,-0.7447548220484399,-0.4688405929260795,-2.2289668791756734,-3.337226016222763
153,-0.8264385386590144,-0.5997728266202228,-2.5354682214177453,-3.5722685873457998
154,-0.0984525244254323,0.8270095092145141,2.4019399350763155,1.3650510643177491
155,-0.6634782863621074,-0.1871669466155412,-1.554132596321813,-2.5255007682408106
156,1.126635922106507,3.258788979691037,10.762418554608054,9.800890339817409
157,-1.0799315083634233,-1.1299652711149448,-4.516055910393509,-5.572156199243272
158,-1.1474686524111024,-1.130086903795387,-4.702155622467046,-5.779899015846425
159,-0.43782004474443403,-0.030641508424682856,-0.522221773341933,-1.523736451904817
160,-0.4980324506923049,-0.04164743616454668,-0.5506936820572824,-1.6648584766048926
161,1.9295320538169858,5.001679982835897,16.85093147426023,15.723515971508709
162,0.9494208069257608,2.99245452868263,9.595573098642607,8.762042902581499
163,0.0875512413851909,1.2429404926544287,3.9043682604360734,2.8613303719577683
164,-1.225435518830168,-1.3676059637138882,-5.405295896484662,-6.401035703635559
165,0.8443629764015471,2.7214325737151963,8.915457236288104,7.876628354891279
166,-1.0002153473895647,-0.8372709520259023,-3.597052454013237,-4.708650106815911
167,-1.5447710967776116,-2.0517662765821516,-7.91785536953742,-8.825801553228276
168,1.1880297923523018,3.4000462952941315,11.172153891501736,10.334181301743993
169,0.3169426119248496,1.6497810912622637,5.44856008089832,4.337940933613215
170,0.920858823780819,2.8610040431166768,9.409963171143982,8.509811635637023
171,0.3187276529430212,1.5217535778044555,5.159628281198678,4.228250232590781
172,0.8568306119026912,2.7907285292517168,9.210003726130221,8.189541636788256
173,-0.6510255933001469,-0.31509515997862647,-1.7432367329715395,-2.674626550855404
174,-1.0342428417844647,-0.8862941737828888,-3.953563862669287,-4.794342799837727
175,0.681594518281627,2.3556239895044118,7.867443632309531,6.864024655567958
176,-0.8034096641738411,-0.5647274999301165,-2.508415759133548,-3.430267293237362
177,-0.6895497777502005,-0.35443933687426765,-1.827166114515619,-2.886952102302646
178,-0.45553250351734315,0.026379289454388374,-0.37921032870260196,-1.3286026730947365
179,0.01747915902505673,1.134172000901964,3.365118060689864,2.433962674561944
180,-0.35399391125348395,0.48251854154903384,0.7135823995392008,-0.2654175465497782
181,-1.3749512934180188,-1.7513803088020221,-6.572340826276438,-7.677556173960305
182,-0.6436184028328905,-0.31728468422432327,-1.6173279373262488,-2.7081183454900173
183,-2.2234031522244266,-3.4823091775543906,-12.837407453017736,-13.728084834771764
184,0.6252314510271875,2.061226712722641,7.176872828161155,5.896902063252464
185,-1.6020576556067476,-2.2218966255837964,-8.157486867191997,-9.124909234733494
186,-1.1043833394284506,-1.1836668672560688,-4.819179129184314,-5.703937556288364
187,0.052165079260974405,1.209805951039977,3.578594780733577,2.489771581728699
188,-0.7395629963913133,-0.38312121866763377,-2.1246592453830924,-3.088491999647657
189,1.5430145954067358,4.044379282569802,13.94734101863093,12.731969067846965
190,-1.2928569097234486,-1.613396118924286,-6.021735694204831,-7.106476529752984
191,0.26705086934918293,1.6464922692598096,5.208672599403634,4.228544584034511
192,-0.0392828182274956,0.904087973837721,2.897859850351906,1.7403291625786854
193,-1.1680934977411974,-1.3871899494579565,-5.336928648798964,-6.421840169946009
194,0.5232766605317537,2.1858051660069346,6.755652723156514,5.878542242850003
195,-0.1715463312222481,0.7606659042605672,2.202539477018728,1.1137000660614877
196,0.7717905512136674,2.5454602816047607,8.29253520288554,7.344183947080386
197,0.8235041539637314,2.5876305631495957,8.810898177158089,7.819230805682756
198,2.16323594928069,5.1252838666369085,17.64355208290516,16.630446637983415
199,1.336527949436392,3.7320262594302562,12.442988101247142,11.530897702473768
200,-0.3691818379424436,0.17199935185989482,0.016997406663524534,-0.8496683654474053
201,-0.2393791775759264,0.324968443934072,0.9176182429377587,-0.11916015815427092
202,1.0996595958871132,3.357801244509128,10.985616091635725,10.12443944150271
203,0.6552637307225978,2.3753242405461843,7.446212694299383,6.70373295697631
204,0.640131526097592,2.1663622328834875,7.250853708134019,6.334464268571162
205,-1.6169560443108344,-2.355352226917595,-8.481134285127373,-9.514243527276212
206,-0.024326124398935636,1.0384439294192906,3.052307940641008,2.0792960539980045
207,-0.7380309092056887,-0.5638588800649644,-2.303916214793539,-3.430629308855546
208,0.27992459904323824,1.6894641848392646,5.214920076531014,4.196544726987844
209,-0.09815038964295794,0.8653451519766996,2.4020334316399046,1.4786643968346125
210,0.9101789080925919,2.8740174682418664,9.349706018444191,8.393664373492141
211,0.31721821519130206,1.6749059759440343,5.32076246585829,4.464416601785207
212,0.7863279621089762,2.591801011420343,8.573442827422694,7.4648631049521015
213,-0.46641909673594306,0.15521292644582493,-0.2569418036182547,-1.1188317950099589
214,-0.9444462559182504,-0.9343005480880613,-3.8946365336222244,-4.8025957704102975
215,-0.41004969320254847,0.18849581093834153,-0.08351688629769391,-1.0674882642548311
216,-0.017020413861440594,1.0411538310448383,3.21117359921193,2.2109382727628475
217,0.3791517355550818,1.8146024429687764,5.595961162561514,4.746226198912494
218,2.259308950690852,5.399119220854838,18.44082023041873,17.53137380994068
219,-0.04225715166064269,0.8654447299482882,2.6107505589715005,1.5842464987475686
220,-0.955945000492777,-0.8866096504436385,-3.3860955692462644,-4.499067905145964
221,-0.34598177569938643,0.2672349776972375,0.4349143236988913,-0.5999860325101262
222,-0.4635959746460942,0.25027390680514494,0.1751357000894302,-0.8222833237514844
223,0.4814814737734622,1.9236476280715131,6.093119979221453,5.249360852608466
224,-1.5407970144446248,-2.0978158736469186,-7.939424110836753,-8.877689876181543
225,0.06326199420033171,1.2034670062183939,3.705575240420907,2.6534258162898015
226,0.1565065379653756,1.3460663502542427,4.368571038764371,3.260476371778882
227,0.23218103620027578,1.4498346266800746,4.633759657748511,3.544822066932985
228,-0.5973160689653627,-0.27028149081880026,-1.3955889400566088,-2.4093961045011696
229,-0.237921729736007,0.5543079462676626,1.3984011752600192,0.2779411285951014
230,-1.4240609089825316,-1.7442121739272238,-6.362110626812808,-7.650256698129205
231,-0.49331988336219407,0.061269755685434725,-0.4743319297345934,-1.4149457381963246
232,-0.5428614760167177,-0.16354130417904772,-1.2168916886702974,-2.1405801091357937
233,0.4160500462614255,2.005777588220522,6.552548821642907,5.4007005290649355
234,-1.1561824318219127,-1.4570226526474148,-5.496032098417319,-6.5195785509558615
235,0.7811981017099934,2.4041276392397077,8.24102640557803,7.229795636735302
236,1.4944845444913688,4.08502481142846,13.711083553763691,12.67184612099778
237,-2.0699850250135325,-3.1173860021667963,-11.481384186671157,-12.415935536152661
238,0.42625873077810095,1.797567606925798,5.711994350179708,4.815473878654767
239,0.6769080350302455,2.243958997304958,7.477486494768286,6.555201245723117
240,-0.637437025552229,-0.042794067176428224,-1.0400825746148659,-2.1646772002979673
241,-0.39727181432879766,0.2171654585579489,0.1576551825350279,-0.6986807509965139
242,-0.13288057758695562,0.787658961910666,2.382242659778536,1.3323771952136811
243,-0.2977908794017283,0.4362067509203615,1.0116748373756197,0.06744358337817062
244,-0.3090129690471222,0.42545485767887137,0.6865801108061694,-0.27808320032229616
245,-1.6760038063299767,-2.297998166607473,-8.648133554771327,-9.72242865243216
246,1.15233156478312,3.3779055305417276,11.278425154571122,10.194026263235333
247,1.079618592036821,3.121714943997575,10.5652770483863,9.530979394599607
248,-0.8133642592042029,-0.6558927170435902,-2.949855445302412,-3.7625434790658114
249,-1.466424327802514,-2.106950936440918,-7.50539982413285,-8.662496295000429
250,0.5210648764527586,1.9640993122553632,6.681942936358188,5.550923284638231
251,-0.5757879698130661,-0.12446465998146077,-0.8507343694605085,-1.8598780527796233
252,0.14195316332077967,1.3884086641918283,4.180473199323277,3.179447417627336
253,-0.3193284171450952,0.421247118347428,1.1375468928601098,-0.04259802800190561
254,0.6915387510701866,2.34900826775258,7.609450141326145,6.5147277141967725
255,0.6947491436560059,2.2631809961034968,7.513929044206647,6.516858484564139
256,-0.7255973784635843,-0.728930671469912,-2.696013239621492,-3.6667793720363777
257,-1.3833639553950554,-1.6515545133120308,-6.521411225985794,-7.502057514884691
258,-1.582938397335082,-2.2247996933211787,-8.047411551467443,-9.16513475690716
259,0.6103793791072052,2.1759122575940046,7.388336885730119,6.284337707259451
260,-1.188859257784029,-1.3645611187772508,-5.40637540945363,-6.245033108303749
261,-0.5068163542986875,-0.1541887133365641,-0.84458479685809,-1.8910490367446964
262,-0.5963140384505081,-0.22760629491216994,-1.3100193810885223,-2.396431514226283
263,-0.05256729626954629,1.097212602437905,2.941773411527888,2.09241972812506
264,-1.936279805846507,-2.8220209178352795,-10.636995402320913,-11.63669892717708
265,0.18877859679382855,1.4134821092390029,4.280899376562482,3.4586037372001344
266,0.5238910238342056,1.8895325998702353,6.344842646624219,5.331893363030081
267,0.08842208704466141,1.4012043635475868,3.74176803924404,2.950091489435335
268,-0.3108861716984717,0.2359481657404223,0.49978899526131687,-0.43203645236789134
269,0.09740016626878341,1.3870328080820067,4.00487191325495,3.0659785047044634
270,0.3990463456401302,1.5865870897614796,5.295768505137465,4.3666534871517255
271,-2.77259275642665,-4.404648968980858,-15.990345735196946,-17.135498536894403
272,1.9559123082506942,5.07363004340141,17.110500479371428,16.05694942239752
273,0.39009332268792646,1.6977457332430694,5.61825795071343,4.65821483674577
274,-0.65240858238702,-0.2625591275467518,-1.5259902664955889,-2.432682482406179
275,-0.3909533751876011,0.2728413068352643,0.45015817540543307,-0.5259641929100437
276,0.49374177734918845,1.9061041063752464,6.1861082760833455,5.289019572913277
277,-0.11610393903436653,0.6228803608575738,2.156602837450212,1.0592948370352455
278,-2.0306844677814944,-3.1931406698770655,-11.221547160730852,-12.421223760885631
279,2.0644928613593194,5.1830865447146195,17.610602260347132,16.50528227053892
280,-0.11054065723247261,0.7704071252831142,2.132971807749885,1.0998027731953701
281,1.0201727117157997,2.9839153201013833,10.032365577394259,9.048928455723575
282,-0.6920498477843912,-0.2874228944521363,-1.8221581134958527,-2.7816474845497066
283,1.5363770542457977,4.1235608994307436,13.933443822111965,12.758915364843205
284,0.28634368889227957,1.4971411051479957,4.819628424258036,3.87722198501019
285,0.6088438344754508,2.0975675170491628,7.116987648586058,5.960877792896483
286,-1.0452533661469547,-1.0381805584251018,-4.4186067635157755,-5.3054528393137605
287,1.2111452896827009,3.3685322425095956,11.337429684018632,10.367052849458453
288,0.6898181645347884,2.389556815322727,7.684430254888119,6.855835914160198
289,1.3018462295649984,3.7613223563927685,12.423523419081485,11.407599998958657
290,-0.6280875596415789,-0.20594229527567987,-1.4602747235696463,-2.3339019613820255
291,-0.4810271184607877,-0.04828093689689911,-0.28767401562587236,-1.4541789563049166
292,2.303916697683942,5.623899514349861,19.235019084046336,18.193791856880228
293,-1.0600158227215473,-1.2152961407246332,-4.579242686145696,-5.6329823608333776
294,-0.13594970067832082,0.8889528142382308,2.6447565647095126,1.6164887197930358
295,1.1368913626026953,3.2176248502450684,10.75605288055195,9.865306961991063
296,0.0977249677148556,1.216177010127073,3.8511412655398285,2.838729436766446
297,0.5829536797532936,2.1966806169745303,7.269832241682541,6.086124172895766
298,-0.3994490292628752,0.2170269883116199,0.10026828671444439,-0.9005872058861867
299,0.37005588784751875,1.5442568801813836,5.0178041521784955,4.119505772340977
300,-1.3065268517353166,-1.7576958098689661,-6.647007418953197,-7.461773153283693
301,1.658130679618188,4.271026331679467,14.39545118220134,13.466783881240547
302,-0.11816404512856976,0.7956150930760135,2.1941537792445094,1.370376668998597
303,-0.6801782039968504,-0.3741343294222778,-1.7177556461404577,-2.8008073830447175
304,0.6663830820319143,2.2370514167487268,7.597515693955535,6.5193989673373105
305,-0.4607197873885533,-0.05628200668927669,-0.586939673869557,-1.499371491147502
306,-1.3342584714027534,-1.7086726972554414,-6.402078111145517,-7.46347624199246
307,-1.3467175057975553,-1.7402826160630829,-6.574563613469179,-7.516918148173481
308,0.6937731526901325,2.4388299511395406,8.125823079049066,7.130384507326552
309,-0.1595734381462669,0.6482212774916344,1.7781229365272844,0.7409273813707866
310,-0.13370155966843916,0.7928676463060547,2.2169336577587977,1.261329658662747
311,1.0777438059762627,3.096022634980485,10.364496297592494,9.322675962727182
312,-1.1268258087567435,-1.279247384434914,-5.153507644413757,-5.9849348393670025
313,-0.7306777528648248,-0.4961601436939116,-2.172247726588042,-3.1839952253868393
314,-0.38487980918127546,0.1520036849472401,0.17851024908457944,-0.8179945486766471
315,0.094351589317074,1.251215044277521,3.7291584056788345,2.9337977193036453
316,-0.042171451290578935,0.8342974977093914,2.356103358127444,1.5370723774005925
317,-0.2868871923899076,0.37406146422312286,0.6171474300602375,-0.19690020937706973
318,-0.0616264020956474,0.8694352312138854,2.660426136838301,1.6189954534459057
319,-0.10730527629117469,0.6556514818219766,1.96536611656602,0.9529701538788536
320,-0.7196043885517929,-0.47170227293563566,-2.0509537967160623,-3.0783495544334665
321,-0.8129929885540773,-0.6971166130824334,-2.97747228503169,-3.8448344357808737
322,0.2745163577239395,1.510217296199654,4.763535361509071,3.6496379804424444
323,-0.8909150829955279,-0.7878229662581648,-3.099277140961777,-4.197561262943516
324,-1.1573552591908536,-1.3947018806957736,-5.279829041784311,-6.203132738281978
325,-0.3122922511256933,0.3534079197665778,0.9802055906323159,-0.1374004370130637
326,-0.1576670161638159,0.8155328429075861,2.3130186738916314,1.3381109135697473
327,2.2567234972982093,5.51086713877097,18.49477388968922,17.672394392090222
328,-0.7047002758562337,-0.294874334410545,-1.8154682285767048,-2.6521987519616155
329,0.9432607249694948,2.9211708941396655,9.786425811637411,8.71305346285191
330,0.7471883342046318,2.5717927293911456,8.332837381048506,7.343242262115404
331,-1.188944955203736,-1.4553358072845548,-5.3496733618899475,-6.437795856535341
332,0.7732529774025997,2.5569966713137506,8.474879657873254,7.483716970346497
333,-1.1838806401933177,-1.354369988125088,-5.355483190491771,-6.382250279827849
334,-2.659172237996741,-4.379607049880975,-15.499755895326514,-16.71210853762453
335,0.6063195243593807,2.1303562162893335,7.127557483819488,5.987872575056348
336,-1.7558905834377194,-2.6608077056661688,-9.697755538499596,-10.654472811638556
337,0.45093446180591484,2.051482887306993,6.315791550983178,5.278294678512865
338,-0.6840108977372166,-0.4652620844096829,-1.9804484102750841,-3.029892954581263
339,1.6595507961898721,4.453723699701975,14.941881837575828,13.865742720826217
340,1.068509399316009,3.090269481266233,10.448153727728934,9.441052847210132
341,-0.45338580385138766,0.0069790623247512895,-0.3954624792870533,-1.3461092942375497
342,-0.6878376110286823,-0.3134233080268649,-1.8449505459433948,-2.8445882642197446
343,-1.2140774030941206,-1.491274000362927,-5.586594115267627,-6.538565404319789
344,-0.4409226322925914,0.17500062730724494,0.18371142350568598,-0.9846253046182933
345,-0.2803554951845091,0.4060078331457609,1.1438588636644926,0.019786239780960266
346,-0.3646935443916854,0.3186553608284079,0.619462198439791,-0.36017629967227016
347,0.15670385527236397,1.2165891041540173,4.088379475091411,3.04555024902203
348,0.5785214977288784,2.240178101256234,7.395497468212035,6.412043394635604
349,0.349654456993174,1.7481061822526485,5.657275973214473,4.537951859617651
350,-0.764143923906443,-0.6202529168191523,-2.396937109106469,-3.501825160748268
351,-1.4377914738015785,-1.6112893755016828,-6.586928198218691,-7.643789281489779
352,1.3645318481024713,3.783075998844992,12.853033985962377,11.765907559000924
353,-0.6894491845499376,-0.1498516620468214,-1.4204825413964746,-2.4865396222006324
354,-0.6522935999350191,-0.1445604179951623,-1.309120619277594,-2.426526804658424
355,-0.5211893123011109,-0.06126210262400013,-0.549940404284374,-1.6030535416172937
356,-1.8430695501566485,-2.7273662757737513,-10.020920801600777,-11.036110854512229
357,-0.4779740040404867,0.0037060735769465225,-0.40647169919326664,-1.3487491368333429
358,-0.47965581400794766,-0.14231448305867633,-0.8399640169558971,-1.6827889432065788
359,0.6203582983435125,2.1711330847520705,7.037555961381636,6.0403407994323075
360,0.698457149107336,2.4215909006126695,7.592479758774672,6.666585312115085
361,0.00377088908626934,1.1601375342610196,3.227928467767288,2.2219275610715754
362,0.9318483741143037,2.786419559930787,9.484082233321281,8.370033390902572
363,0.339964983801262,1.768135627538825,5.451271040555993,4.433988573011958
364,-0.01568211160255477,0.8433764426445585,2.5329302384356187,1.5744304055465812
365,0.16092816829822298,1.2632243340753326,3.778026237499437,2.8633390999856014
366,-0.19065349358139935,0.5729289534082487,1.4478717013095985,0.5908852220519918
367,-0.3948495140334503,0.24748208008284872,0.45277874430472775,-0.680501789231021
368,-0.26773353689396645,0.5102638908841483,0.9915188067887087,0.16918790868163378
369,-1.1280113314700069,-1.1597884884585792,-4.657382743818911,-5.563904441195804
370,0.280441705316296,1.6379671066730856,5.035710638657308,4.267030832027015
371,-0.9931236109295807,-0.9619304003189122,-3.8783190707478927,-4.846704913172921
372,0.8416312640736364,2.722299022498135,8.755286263094446,7.789514719070504
373,-0.24945858016094885,0.6599359087878556,1.4205976203093542,0.4610270623723036
374,0.04949498165009074,1.047897345176955,3.278679678414867,2.284992668412507
375,0.49383677628095635,2.065146384468629,6.466820832313892,5.548947339755668
376,0.6433144650629279,2.1058145374760304,7.001497762920789,6.092863326969662
377,-1.5706234086334527,-2.1001133929771445,-7.640417631069734,-8.822200272395841
378,-0.20690367616397173,0.5378676934241458,1.472705545709281,0.5061118405456181
379,0.8801789120807822,2.760614942404716,9.38394792692785,8.293182064433173
380,-1.6981058194322545,-2.2922030143591385,-8.805321520944988,-9.72164441667969
381,0.3872804753950634,1.7910253317427665,6.042687491190621,4.881414631715413
382,-2.2555642294021894,-3.422609704683486,-12.515907009181209,-13.667325222281988
383,-1.0225068436356035,-0.8976372057573665,-3.68974392518594,-4.712845793407667
384,0.0386305518401881,1.1161705005669484,3.248862961719191,2.3588161210161394
385,-1.6567151023219537,-2.1963260981818586,-8.440148339467772,-9.448848478040539
386,-0.9855107376841507,-1.003677573136222,-4.122278860086143,-5.127009310090249
387,-1.4718350074635869,-1.9444910031541351,-7.310671868776251,-8.3346342601852
388,1.6481349322075596,4.244007922775272,14.308975310753713,13.40679737237368
389,0.16422775548733395,1.4327532704393056,4.291655984734929,3.443955998352858
390,0.5672902778526694,2.1759896910846983,7.059027469184787,6.042791165446584
391,-0.2226751005151545,0.5039263527801987,1.2955550745237174,0.29658420615708947
392,-0.35343174875719907,0.30860338585023506,0.6648227749155631,-0.3353847272763736
393,-1.6164741886510325,-2.1287915384202067,-8.026808241035429,-9.129488298920526
394,-0.2918373627478628,0.412398475400479,0.7441446326315426,-0.10833931906532077
395,-0.7614922118116233,-0.6178777047082229,-2.3617017815232777,-3.462771153122058
396,0.8579239242923363,2.729039024163414,8.908544245317378,7.98286699931911
397,1.1411018666575734,3.084147174208253,10.617957955973372,9.657480162558379
398,1.4665787155741776,4.010034495588303,13.277535490395694,12.36011342672082
399,0.852551939461232,2.662971120189996,8.870264126250575,7.86130214046665
400,-0.5986539369229861,-0.24423894747388283,-1.4598037956378902,-2.2692220081578975
401,-1.1158969859603944,-1.1442244040428382,-4.73036097002201,-5.673552397993291
402,0.7666631816450861,2.396810075567655,8.040688894606294,7.09226454913483
403,0.3562928174722889,1.9072954992266136,6.091409668030419,4.9650166477941
404,-1.7685384506770307,-2.5851011055278836,-9.419687569576134,-10.434757383954855
405,0.35548179274376907,1.6586384911490486,5.501371176682497,4.431819345532866
406,0.8145198224878664,2.731162119292449,8.842934543625221,7.8423406621865706
407,0.05892558918162996,1.1887207056743025,3.53461111857466,2.6395011557209314
408,-0.18505367100934153,0.8750156298888245,2.3525469676188577,1.2618264808005328
409,-0.8076484876163557,-0.6364175735958633,-2.6798828250213877,-3.595338690814631
410,-1.4465346995633879,-1.9051100629932167,-7.2750851419724825,-8.222460807895207
411,0.8002979493400275,2.45266430068373,8.307186567600354,7.288976589719397
412,-0.3091144447717088,0.3485608827216999,0.927685700319024,-0.1668681786256866
413,-0.23346666154369272,0.46092354735543895,1.1404271440098122,0.16056559833808653
414,1.7327211869191332,4.420565672527717,15.167735132034766,14.016682658836439
415,0.6845011068591904,2.194583438062985,7.5781029289442845,6.6352507704494945
416,0.3708250012811021,1.9077107585516555,6.189631550868862,5.123072622173399
417,0.14206180518723566,1.1424632621319073,3.8354676249033277,2.8351059948082575
418,1.5199948607657727,3.7597694416923746,13.328049163128286,12.173381979307043
419,1.7195893074161945,4.320336172674088,14.718955753972343,13.697515152646245
420,0.9295051114795281,2.798626267679441,9.249292811134469,8.437024092940078
421,0.5822245913979243,2.0494937764701366,6.918583188608408,5.809749667627457
422,-2.0946030712061448,-3.0793757883390382,-11.556572831391101,-12.548417980057048
423,0.12372191423350658,1.2336599106074038,3.732278788949357,2.787584980056195
424,-0.130106954193704,0.7423246520532379,2.2281914251220827,1.1058949489299985
425,0.09395322938556872,1.2489456352016788,3.6918845375272467,2.725015401130197
426,0.9430460873225178,2.9146934273428475,9.6634438483988,8.603445174082564
427,-2.7396771671895563,-4.381497604634508,-15.979660892925157,-16.90282256099539
428,-0.5693120534701851,-0.2495718623039847,-1.276282249189,-2.1926692365062013
429,0.26990435494076137,1.4850568998135796,4.984230848474036,3.803172672415675
430,-0.4668455460527625,0.13290562250142873,-0.20224142719206878,-1.1235381534658002
431,-1.4169061131262595,-2.087267672460942,-7.551301092279575,-8.492823998637828
432,0.8689634868967954,2.6004085258618663,8.499818241431282,7.67065032061805
433,0.27687190584612803,1.6038430349102506,5.232356482801715,4.069358258400933
434,-0.9711045704444846,-0.9902340443884617,-3.904685630993412,-4.944485463322922
435,0.3148172045158238,1.7232451640426172,5.2136416781193775,4.189863714774118
436,0.8215857120497958,2.724089453784908,8.971193158980551,7.873679317922688
437,0.005292646299360854,0.8907760045796179,2.555274496989829,1.688208153923256
438,0.8005648034309968,2.641795315608682,8.701045386749163,7.75515006494113
439,0.07826017516166135,1.2766901358900735,3.831179546864214,2.840323319989165
440,-0.39522898265435435,0.22428547485638847,0.15772621116071467,-0.6874266837664392
441,-1.159420516399913,-1.4165875205244127,-5.2467980394294385,-6.377940752064434
442,-0.08593076697161273,0.9160774602481115,2.6456748727482635,1.6475177777676002
443,0.19429293804577166,1.4521283287469429,4.486771586319057,3.519100449944608
444,0.8758327615873309,2.8059266015245417,9.221988582923922,8.198366033967094
445,-0.11510746848722672,0.8413789523692456,2.2168435276292797,1.2921017560629595
446,0.4574156062209908,1.6153699264192198,5.696768787170079,4.692257486788782
447,-0.9646120137337284,-0.8411302713593596,-3.2807031349160205,-4.62345698961627
448,-0.7826291558275251,-0.3844451305971527,-2.025943878299673,-3.086412081324253
449,-0.11038929902688775,0.8228852494091538,2.584829406382355,1.4179983004189225
450,-1.0546284639850139,-1.089984028320055,-4.188427498285033,-5.1529191860394405
451,0.8202478373246812,2.7101395419885064,8.972253009381737,8.04740990839483
452,0.4631303293186071,1.9600832060057256,6.4306100353253415,5.399639676388175
453,0.2790957643924534,1.6233696549549685,4.799264973587754,3.9334354679301584
454,0.33890412521594454,1.6779553504564302,5.073022457074317,4.303718233618897
455,2.0210435614847975,4.965416637515905,17.012314491241163,15.93915524073895
456,-0.46886418796679563,-0.038160647155052616,-0.25346506045673706,-1.31759887495396
457,-2.201441285500558,-3.502701743824302,-12.596274016072181,-13.679659138247489
458,0.1993001968964652,1.2612961386978407,4.161926493113914,3.1591095057949143
459,-0.050603540961665895,0.7920187169747575,2.6401507873782144,1.4423135173902486
460,-0.5175190425104033,0.1410885277211798,-0.3726256117383663,-1.3638927930326048
461,-0.9788298593587699,-0.8822501523519155,-3.71820395589726,-4.662807481818202
462,-0.43918952180214793,0.059118217327237,-0.46015239363295324,-1.1595025221322206
463,0.18133842921782128,1.3236375890370917,4.060996390788173,3.065712977553497
464,-0.5028167006425383,0.005622351805568929,-0.29172987510516796,-1.3749176536111358
465,2.4124536795437486,5.759352856139062,19.5481018678778,18.54741574802385
466,-0.960504381633148,-0.9142570775488635,-3.6566808418434915,-4.7691030152881675
467,-0.7931173627076716,-0.5084743116250521,-2.0696155653610226,-3.2991036819865616
468,-2.2886200400145285,-3.5808143533838743,-13.164149630996459,-14.146814610158739
469,0.251484415021537,1.5365704043092732,4.985746001598692,3.8626206456393604
470,-2.01640662779976,-2.9441641016635587,-11.225769383071944,-12.067184125553942
471,-0.5394546333745014,-0.1061224423508236,-0.736779288833911,-1.8399111992695736
472,-0.27567053456055696,0.4771379907923224,0.9022361146244309,-0.1041129334142461
473,-0.7097279658468882,-0.4503936909821126,-2.136367499510897,-3.1142284496761907
474,1.738872677454511,4.474892467925581,14.995770931498615,14.012110823499265
475,0.9943943913154989,2.956315756122702,9.840007965145386,8.85563831197925
476,1.3191368763015756,3.58538676724754,12.055780732883116,11.08666102381764
477,-0.8824188185499185,-0.7474664518011348,-3.1896884793679727,-4.209555776382939
478,1.1285940645145685,3.313842660610958,11.075829621015657,10.093258834422297
479,0.4960009463439622,2.006632337288029,6.297000305324479,5.4125795532208
480,0.7714059486768455,2.5926845931848845,8.604731088618422,7.56302569971921
481,1.0294388287827672,2.9850844795414115,10.160626227588063,9.22141302242701
482,-0.9087632459590531,-0.9379000111380842,-3.483384683643647,-4.58818334512286
483,-0.4243176209779015,0.1930691083409574,0.024035636633432046,-0.9725816667093299
484,0.8625960113284511,2.7939801617743774,9.063516901380071,8.050814506047953
485,-2.655619092974933,-4.306252459289883,-15.855263898840983,-16.650340707516516
486,1.5133280825732052,4.161459743188882,13.807699993355557,12.933368006172369
487,0.553132064207584,2.1970340082139574,7.162984721898302,6.0690232825475565
488,-0.045703960660234855,1.1766491627564304,3.236484292554937,2.309865965157555
489,0.2205076557571733,1.42093446011478,4.527181209533906,3.580424975433801
490,-1.0299352833089765,-1.15975544622749,-4.423029673920914,-5.395235677194086
491,-0.34994336458910474,0.22609959174783917,0.5860921751777447,-0.5502820841049896
492,1.1002843382203737,3.1440188958032818,10.81182922698989,9.774415427209732
493,1.2980219723262212,3.643647082996254,12.453952165926973,11.32292570558864
494,2.6962240525635797,6.176641248731034,21.38490527370926,20.41168005346238
495,-0.07392466628041514,0.9840057692482533,2.8665231102254896,1.8452054838488503
496,-0.6585529668050037,-0.3410355927242419,-1.7194693508192989,-2.5991450052817013
497,-0.5142339659399888,-0.05314728765885283,-0.41755454186936103,-1.5353576653836982
498,-1.0180418752873648,-1.144018067177229,-4.264135282643477,-5.275000103012962
499,-0.07785475594085076,0.8328679329732804,2.339167764499337,1.3347548546197097
500,0.38273243001226814,1.7667888367912896,5.55363806100468,4.519806507082114
501,-0.03424228053195387,0.9193209461760645,2.9378569598688085,1.793177752476776
502,1.0963468456657985,3.22659961692584,10.9110520800372,9.932501590686059
503,-0.23421580134453654,0.4726051931158239,1.3313004671795317,0.16499657140404111
504,-0.3474506524985633,0.21551711896179074,0.28472104818254734,-0.6301266933770735
505,-0.5812684768603252,-0.10770414067085247,-1.0205700237452926,-2.0627884845422018
506,-1.6326345262344952,-2.2554023070874107,-8.090003386290254,-9.290925242407742
507,-1.567767724308454,-2.1158173430971714,-8.214436017749916,-9.165454544624057
508,-1.1791579306376878,-1.252413135831179,-5.24414050833466,-6.268666093679002
509,1.3014280716647608,3.500599704203453,12.030736121666848,10.942985615383204
510,0.8952602728899299,2.7049965000547735,9.073749484210332,8.087539454100202
511,1.3749640663929898,3.875650097868879,12.678194765792915,11.828230093409347
512,-1.3322116545945017,-1.8127116449464078,-6.757763668235557,-7.652167732328662
513,-1.9686246897860202,-3.068190594205142,-10.930463207437324,-11.988556466322708
514,-0.6600563201340829,-0.2383264571496662,-1.4090507416076232,-2.4982022736065477
515,0.175818953296028,1.3754579257942599,4.247135747735392,3.1686802143032926
516,0.4986902749098275,2.0079037635255825,6.533785260360135,5.4191420589733506
517,1.0479721559680528,3.0867783711260675,10.41350561584958,9.406307096355977
518,0.2842796708072146,1.5716860963171861,4.964560326630895,3.9437370095597943
519,1.7426687806556311,4.476126349842066,14.889844417358555,14.041731283274308
520,-0.22260568094832048,0.6903329083628009,1.7547995019452711,0.7230666065750374
521,-0.9130792180417964,-0.8659732489586003,-3.3594166013254783,-4.420684679864588
522,-1.6812182154944335,-2.378573784616645,-8.726227270442866,-9.667906140961268
523,-0.8889713580954499,-0.5984978356683924,-2.7777192370214765,-3.8421194069109674
524,0.242117960985123,1.4869868921732294,4.452767658129078,3.6343565425808606
525,-0.8887202573536308,-0.5542388757547438,-2.6521277770632232,-3.727237736842677
526,0.9367424635352571,2.862986956968619,9.638947223907133,8.608918791545053
527,1.412327706037443,3.961396910320902,13.366947261446555,12.155886408087753
528,-2.369586905226603,-3.904708214284174,-13.781328529834187,-14.922637083520714
529,0.8640523004976479,2.7434690470768626,9.255806321996399,8.105108286140545
530,-2.2396040586617367,-3.637655473638567,-12.919369063451146,-14.001108773087962
531,0.4014990550902875,1.8874435408410337,6.069057199032769,5.004395637641243
532,1.2248705641936597,3.3284543467664167,11.111165922179826,10.229329053671119
533,0.06485610634357618,1.158089168125487,3.362193748264673,2.3957028782998515
534,-1.2796891732042395,-1.5875979340775224,-5.915201678651752,-7.097874525717839
535,-0.5854312042777726,-0.28668272707394815,-1.4110544175205801,-2.265437972648271
536,-0.2616454457109007,0.31477311028844435,0.8254614566969345,-0.1295103598217525
537,-0.18224478378994294,0.5844063860621032,1.5841789090978664,0.7261023171793334
538,-0.20289684076666706,0.768269263056199,2.0542740930041488,0.9091789116009359
539,-0.1098827793093138,0.7508859358924347,2.001181261418182,1.057759394272743
540,0.2134800489101689,1.5186822520319234,4.946713440915938,3.7922600043228094
541,-1.2085736537332212,-1.4228515942326614,-5.514677104590906,-6.473300855218977
542,-0.2420198298702195,0.6036330176286062,1.5591388412568328,0.6095520492732065
543,1.5182611703557054,3.853831202880959,13.450093484866718,12.32224056596825
544,-0.38464542314251776,0.19039032303001113,0.5395894171541303,-0.5542937554852473
545,-0.4438360931551978,0.2072683660689263,-0.21057687682083437,-0.9389488458990769
546,1.0781973037142378,3.1400691125451576,10.649916605727666,9.604802526741947
547,-2.5591846663440965,-4.127014860959298,-14.782430622490361,-15.84244731031559
548,1.1813786012882859,3.3197110113879926,11.14902588518149,10.128045192091399
549,-0.6319037580051673,-0.1488695776736222,-1.2764644614559195,-2.210698661073442
550,0.16392857245258663,1.3576085803006679,4.063669888201383,3.0608290437374235
551,0.09632135592119682,1.1970449394599285,3.488368184886614,2.5281743329831805
552,0.9424681192203938,2.949241692974717,9.75967692652469,8.738544623763692
553,-0.2675947462353477,0.5236330004410983,1.3035430429597896,0.3237824692458962
554,-0.6780257815644504,-0.33479285848514706,-1.7020534741379945,-2.6398606583140998
555,1.2978457906510987,3.7503947310012817,12.444706338412285,11.428329293781823
556,-2.36417381714118,-3.734376387646272,-13.394728620382535,-14.474972511400974
557,0.02033418170524325,1.068476468207281,3.1678862911998955,2.138985701960359
558,-1.3479254226291204,-1.76014610059353,-6.64668598291632,-7.591321743923197
559,-0.761573388256559,-0.508135253812505,-2.1936131190162578,-3.227238521053299
560,2.011256681463137,5.1812895153008105,17.546640187121824,16.439660947935927
561,-0.044595426455857026,0.846483386909412,2.6977020299291956,1.5381616130715767
562,0.19506969715138117,1.2767801117389166,4.391604011960712,3.270848753544768
563,-1.7815628557055914,-2.463449747129201,-9.347050167143987,-10.40078818647989
564,-0.7290446587946957,-0.47296593281275934,-2.285846113859854,-3.184933710738465
565,0.19655740072878491,1.402715221954547,4.2302075959577365,3.3667628686498237
566,0.3547576931132181,1.705004055857103,5.53569655765933,4.555934679031237
567,0.6168865543932788,2.241685281179511,7.1933502671747656,6.334268745330382
568,0.008627898917576322,1.1023088661874965,3.025873781542598,2.104352254448661
569,0.5270042084546597,1.9700959978493917,6.555592808569253,5.57260503904437
570,0.453781912635684,1.8063864168608192,6.034452161001489,5.08287320317538
571,-1.8297404110045314,-2.6509840083052922,-9.750050601941918,-10.717258796310876
572,0.03700572191014953,0.9133674748753158,2.866867144911818,1.999667607641629
573,0.7679024077327037,2.3984994618612143,7.936421473225754,6.913274797246433
574,0.5898798207345195,2.3664279563022017,7.5121575322403045,6.412506727133613
575,-0.3638588099707899,0.3480292130645606,0.5978763103050548,-0.3473099429160283
576,-0.8056265075393678,-0.6122586622656371,-2.574310131205695,-3.6468856656248163
577,-1.1183119243216322,-1.1128231550474204,-4.262053651488048,-5.528326322859856
578,-0.13105401154141233,0.6338320539086608,1.738686702483344,0.7478678054967891
579,1.133079879559722,3.234599446780858,10.927410056607346,9.862289055812393
580,-1.951804101481602,-2.841262842020766,-10.657239081367223,-11.676916090375958
581,-0.659891729729498,-0.23071629131585641,-1.5395132551597424,-2.636475628082147
582,-1.139802455426774,-1.2283132261707705,-5.018320897432384,-5.846455909771175
583,0.7849575212405001,2.3157911617121774,7.965018089997031,7.070713766791553
584,-0.5543096265713009,-0.2054274649090596,-1.034875773934706,-2.049222166741844
585,-0.4706376581547914,0.1064314929261037,-0.11365338002278697,-1.2023496366386335
586,-0.216949569936649,0.5305057108220214,1.267013680237663,0.25396127765116916
587,0.4453932508947973,2.144809663865512,6.559952462028406,5.72640978712517
588,-0.39238899814963674,0.30787783379743616,0.3518228557625284,-0.565815816591632
589,-3.0461430547999266,-5.036477921537987,-18.0948994187149,-19.01542880695518
590,0.5433118913875197,1.974928827400367,6.712923954291294,5.674024759790989
591,0.43904295767204254,1.8745562413837935,5.789524917134457,4.8657288131185
592,-0.21954102833121325,0.5850383397594687,1.5188778520708093,0.5869585625508865
593,-1.0840366206719345,-1.0552948783310887,-4.393878384771527,-5.502353142435297
594,0.3517801106813583,1.7916733310726798,5.696269072826387,4.562737445146528
595,0.37923553353558676,1.8617699865231683,5.794843425443478,4.836170905977082
596,-0.4700328827008748,-0.03245696698274979,-0.44192855986939705,-1.4844188271043843
597,-0.21673147057553863,0.7077522286787858,1.6169181873395684,0.8050665671927024
598,-0.9301565025243212,-0.9983560802793694,-3.8696344662765902,-4.889467172212124
599,-0.17858909208732915,0.5892303596587255,1.6466220476093816,0.5276242426297989
600,-1.550429345083481,-2.0577815766723977,-7.654112497896196,-8.706790668421931
601,0.4173188210318355,1.819648482890357,5.900034486518565,4.889928402082818
602,-0.9443684908242939,-0.9893406674406269,-3.8332137998312463,-4.794349502483983
603,0.23810314783231212,1.394051313104311,4.218364532976952,3.283043734536092
604,-1.4059629162678993,-1.9667512648207028,-7.187013257296016,-8.169105016776635
605,-0.5900576458695397,-0.12691782783836023,-1.26822562541512,-2.113081511591489
606,-0.11048940506592783,0.9050780743723592,2.5476711940750727,1.386625296245248
607,-1.6606998118692633,-2.3314389740786634,-8.496362839303178,-9.55278390334266
608,0.11514787314009216,1.190260864778842,3.6061545226593807,2.616398226080709
609,-0.37914756287992274,0.09447258139350556,-0.11976766396809396,-1.05778718648536
610,-1.7423561978092306,-2.3933922031932435,-9.053988022170127,-10.046954060154354
611,-1.3032427541123157,-1.3853550749006822,-5.555630034847293,-6.635409529073577
612,0.6051200840821667,2.0304945877276435,6.889092743848873,5.787947954726978
613,0.895555985551324,2.6847686772871873,9.08925062179978,8.179619714806353
614,-0.13190863977996706,0.6682234161856515,1.988352789550158,1.0857056655675237
615,0.4047618120404975,1.753091833112746,5.840147391980966,4.632324395700138
616,0.2238435633129107,1.4704217216401694,4.701525243432954,3.587865957661385
617,0.32962298212773805,1.8206709189834989,5.623195231167251,4.55234323708445
618,1.285984007080293,3.6728277428465965,12.021204672075214,11.03506929644695
619,-1.506998398214272,-1.9612370581511125,-7.320766172073146,-8.413168205899424
620,0.6764607323616232,2.2805285943173863,7.536475554959467,6.6637988725425785
621,-0.3820089555778202,0.12401926547631412,0.4563749326853279,-0.6968019094681761
622,-0.22425893425164034,0.4718046008660892,1.1775142261404077,0.1810914486141237
623,-0.30224973045507003,0.5503072192277338,1.406574906387395,0.3274887561715196
624,-0.37514711666128386,0.24353143653164216,0.5604786696947457,-0.5041431077947719
625,-1.226196191783019,-1.4970760089323003,-5.666112353383135,-6.652955262256943
626,0.18333919925760125,1.3483028254902032,4.289302962201069,3.3068395977108165
627,1.6709430327888573,4.424347887541561,15.071010492407362,13.948852178279765
628,-0.056133020448757114,0.7564489916475066,2.6445586572311903,1.5419089167729316
629,-0.001385042735095726,1.1387173281220508,3.1438372723024193,2.3210603843004614
630,-0.6872990371566635,-0.3589504486186971,-1.9550523709633991,-2.7858117972577534
631,-0.11747454641811148,0.7434165093342043,1.953170437477711,1.047792499513327
632,0.46616642603403075,1.9766174634427356,6.292911740658843,5.382266280488813
633,-0.3702424407043429,0.2813548259043079,0.4425462357141709,-0.44560117702710594
634,-0.45380404105200106,0.05797227224925975,-0.19379547819830786,-1.2210065425245367
635,0.4032645401632468,1.781258013122333,5.647946877128509,4.694317321841906
636,-0.9180047698190454,-0.922895794324686,-3.4702858156806347,-4.5908982778568515
637,0.2524966270768724,1.570632329239675,5.031126968015662,3.885839191463956
638,0.8203217972614217,2.587444213581727,8.659459370973531,7.66232769472329
639,1.3599485416794843,3.6242712411157405,12.330549065415397,11.162203270548108
640,-0.09038200727694681,0.8358223377114602,2.457998946016425,1.4555775150023529
641,1.3675972398067135,3.8681086078879825,12.855072186197487,11.898551250872478
642,1.034409886481518,3.0639853105850543,10.282164198362706,9.275685624433315
643,-0.9962126403710662,-1.0532354064373013,-4.000999015502996,-5.0954850157023035
644,-1.217938511593151,-1.3954874211027044,-5.786830100515194,-6.625384003245204
645,-0.30496363785442043,0.5837439705314144,1.2298048160799955,0.2506647483024411
646,1.0289354925948542,2.9126804322465336,10.047979408243535,9.018238842211847
647,-0.0722870075600049,0.8936462636585196,2.5207270835316327,1.4844186170077784
648,-0.6006575576577885,-0.1808064527923916,-1.3993561595065682,-2.362512525174277
649,1.5522431800485608,4.220639740453033,13.992831798129025,12.943953223864678
650,0.2869044880033464,1.6728998933751775,5.2671279817375405,4.2379158199424545
651,-2.3205942757907416,-3.659859462762461,-13.303404963359144,-14.244214152011905
652,0.31716062629268876,1.4658695270428892,5.190010115319868,3.971850252425991
653,0.5200406145708678,2.1207376059313616,6.840026176605493,5.796071156002362
654,0.2256086544711038,1.3676980399230592,4.22907087064419,3.2621892056615724
655,0.44971210023199254,1.8047501593682662,5.819614302025299,4.876786205373143
656,-0.06727560892298173,0.9802838402231492,2.9435656827603798,1.840624790937288
657,-1.3183958696447342,-1.7278767770533336,-6.386685593190515,-7.396891572296922
658,-0.37070400322045344,0.39887646756911743,1.0054351587263914,-0.24937611105512764
659,-0.9456157955562914,-0.8576471189720515,-3.552255156362082,-4.508662744066873
660,-0.9327409107943778,-0.8335699815801274,-3.610119444561647,-4.485858750716418
661,-1.2630683491022754,-1.4954102201539916,-5.800196017248973,-6.797426171365612
662,0.4524890926396464,1.7411358227051135,6.042955896188497,5.025449150304753
663,0.09789614541262709,1.0181534291905965,3.159617657815967,2.3714627212799964
664,-0.44816536268070806,0.12522458001745237,-0.13782253447700352,-1.1069056830388555
665,-0.6493379277303881,-0.24187511953813423,-1.4230635673125114,-2.386222023173752
666,-0.02342310502145217,0.9614148931727158,2.8379746996229476,1.8748510532435023
667,1.0791947281124892,3.0762360045230257,10.111297981271012,9.174320556034072
668,-2.004215715498915,-3.0065392206096107,-11.095036390587579,-11.960717136278735
669,0.37687652085089274,1.745549626387237,5.879626547878296,4.80382274273612
670,-0.5457119740177824,-0.18713975786310577,-1.147827509017533,-2.0894434246185654
671,-1.8845858449794477,-2.6677744745476795,-9.94627305438987,-10.843902909149785
672,-1.9457030831639588,-3.0644337724829263,-11.06765719097271,-11.99166376419092
673,-0.9127834941352918,-0.766692747589833,-3.289621161795254,-4.242388837820559
674,0.21950955579304526,1.477451452107215,4.731332285762186,3.720467573290883
675,0.3930629339800916,1.8870970534413547,5.948216664329952,4.881382765693903
676,-0.9389815726777853,-0.9784943325904564,-3.7450019417339293,-4.649683991932422
677,1.0170209914132446,3.0441826974933104,9.970076901334979,9.018006641090421
678,1.4229834965161061,4.063083487964029,13.173051217782987,12.307601990584985
679,0.3960865849565602,1.858380598813091,5.506438921418872,4.84566892076111
680,-0.5914026678081108,-0.17274721474332527,-1.0379225031926336,-2.0535018962657925
681,1.1244191845103682,3.302754496432156,11.096679457088543,9.94467910533847
682,0.7553956956633383,2.5194090755646887,8.205216117496088,7.153007792160805
683,0.867407411354918,2.95390462403382,9.437672199333113,8.488378194947412
684,-0.6564636749715315,-0.21456373036414497,-1.467292709635799,-2.4769406238963225
685,-2.8345545052747023,-4.677670505972454,-16.90335717578449,-17.78587516568498
686,2.1167910214836754,5.258815186105803,17.821450695413866,16.833679931217123
687,-1.6108784034499337,-2.2608366065079686,-8.390001941081431,-9.347231015775673
688,-0.03576807186022113,1.0494488689205883,2.865774853339708,1.951046276546446
689,2.3807453512197503,5.620880225300399,19.467955624063546,18.42739040108308
690,0.330576756274374,1.5006796595626493,5.234717228039271,3.974730511601365
691,0.9492464735582357,3.044364422084071,10.135533086955027,8.968988136311555
692,-1.5023965693817127,-1.789481159506367,-7.352698185764253,-8.345490883632044
693,-1.7776669547337063,-2.5085034186984534,-9.25187114842866,-10.340282613900246
694,-0.5327027919795545,-0.05413178983553528,-0.5787098451917482,-1.6649805885987108
695,1.0907497344345,3.247226237899478,10.682019871042414,9.746773673610996
696,-0.34624944764730997,0.24279575206710413,0.578172815681594,-0.48621759166846756
697,-0.7946363210714987,-0.5721482876277763,-2.598444045421382,-3.4543448355707667
698,0.19796728994496746,1.3998254504755565,4.443444320785807,3.5239741599709653
699,1.0819352184772653,3.2265268620290666,10.73321582733777,9.709340540297156
700,-1.4449401990733717,-2.045680250965083,-7.6590399358529915,-8.617561169617279
701,-1.2105429941233516,-1.471789465223237,-5.628109993392471,-6.803757857695493
702,-0.7886692545093662,-0.4928389487186487,-2.4470657127173134,-3.511869756172848
703,1.0946383747120914,3.1217173666611764,10.485355339223617,9.523559151340214
704,0.2348215259487319,1.37030691435515,4.382289906417091,3.429347877728439
705,2.1321534105704436,5.468514036123582,18.379809349981823,17.361112289160495
706,0.9364457258311158,2.876703251680172,9.394665959733755,8.500219088597973
707,-0.03509517686967038,0.8719178322663385,2.6244622121025456,1.5649010167730908
708,1.265077838088766,3.360918632430121,11.435045378373037,10.572575573367583
709,0.21149701273187801,1.4959286600917987,4.754241819112556,3.6919407995164817
710,-0.7049213525074449,-0.3399290896430205,-1.8367467235544648,-2.8202872503564236
711,0.6799748442451024,2.330073728433211,7.737685675586961,6.696224323777835
712,-0.6963266538610828,-0.5028763268128748,-2.155559773409895,-3.0543011808760987
713,-0.29039710080386677,0.4167508560280286,1.037243287869568,0.01274476716075637
714,1.327782695957983,3.571979785167804,12.254144362400949,11.012909588249682
715,-0.10128148621739935,0.7032276686778897,1.9849318178657196,1.0306534931117863
716,-0.8031413873416283,-0.6166040498294274,-2.733946880215376,-3.7656868662482785
717,-0.46433769143549164,-0.033814422736989744,-0.36077588628840673,-1.5113325812641376
718,1.021790585588673,3.068246066702591,10.359267663591396,9.283097249105383
719,-0.5525406734167292,-0.044282095892818646,-0.6483704769269852,-1.6915590253414483
720,-0.38687084685064654,0.14229506158138777,-0.08720114067753909,-0.9858322134254199
721,-0.5102927396336285,-0.15740998880109613,-0.9222303610501447,-1.7944715238204796
722,0.18392549434030994,1.5239789485762005,4.613661934775822,3.608318690707576
723,-0.3854897603756083,0.13499345565306295,0.017801373939388743,-0.935875040529291
724,-1.601836048972537,-2.2696663684553076,-8.487392670716117,-9.485486849338589
725,-0.8871809418450403,-0.7530601669470918,-3.1645798291891296,-4.1851454965910815
726,-0.9327890415064383,-0.8056411457606468,-3.4092977993133013,-4.341655015429013
727,1.2433193844551549,3.4610070795413455,11.485072850209935,10.435662547608542
728,0.8126740421090424,2.6714275169882105,8.927120459387513,7.7412648405284035
729,0.587259379399826,2.134420143010012,7.155112695361954,6.256046794099998
730,-0.5053583172644099,-0.10783370101125896,-0.7114333178110295,-1.6644786819589383
731,-0.8157915419939713,-0.48895139790923986,-2.4042552381680458,-3.399294172300046
732,-0.507517601657357,0.23380895811839875,-0.014607438298305797,-1.128653405692365
733,-1.051880102551674,-0.9341632518019309,-4.21043799511445,-5.09179979504628
734,2.497200391587007,6.00858144708936,20.393920418931334,19.500435229369742
735,-2.245321648371402,-3.307299760561236,-12.406644204580603,-13.190278103298967
736,0.5640085350738091,2.163587421720017,7.02172314642957,6.065759367750955
737,-1.2845522979925272,-1.6168332230253775,-6.106524603203235,-7.174539179805419
738,-0.10434349149469264,0.8379509744488126,2.5870726415497476,1.4805501706519337
739,-0.9880019424937344,-0.9854431356285873,-3.9284361533234144,-4.964151519454187
740,-1.1776289624826308,-1.4535697433398325,-5.330387423964408,-6.270291726026162
741,-1.1401963009349616,-1.3702247990131249,-5.1470516419246675,-6.217698803294905
742,1.7549861537420586,4.590177481358169,15.365418707313736,14.344986848252125
743,-0.13298842230959199,0.5493699572143488,1.5251670453882855,0.7172376052812786
744,-0.7657021944780863,-0.47099071491190414,-2.2636647981395916,-3.1408553148780376
745,0.555786964082873,1.948615567890902,6.819523038223145,5.668336507703515
746,0.010349314566299353,0.8085809846423552,2.696349597948017,1.6641290896504894
747,0.7200337593416528,2.2561828583074557,7.4361778869921515,6.573657325843009
748,-1.82425665593783,-2.4518369146821857,-9.34498255856147,-10.426977869367649
749,0.3036039044620014,1.5875844124296485,4.990295847386144,3.88415235140988
750,0.7726948371023817,2.5540479922213053,8.291364939046904,7.334868341992874
751,-1.6615982911145637,-2.181271077638032,-8.299414500470803,-9.365182710109481
752,0.44819528442331247,1.9898085436965975,5.989093090933302,5.36310315472848
753,1.6961815728281606,4.253212618715899,14.658382203288618,13.561024523769802
754,-0.014857703354702717,1.0571852275724707,3.1816149787750465,2.064099439583059
755,0.8214059370248112,2.661230000519977,8.634588996163034,7.747059267639407
756,0.6705704503109099,2.306973090862232,7.728968603027702,6.700760063076171
757,-0.7075056975105769,-0.41258230360737574,-2.0714050478938804,-3.0375929935891364
758,0.03976673458649517,1.2075146712357925,3.607831389568621,2.6180843376457035
759,-1.5669947108616025,-2.2225860699273,-7.992556235641524,-8.950068191188016
760,-0.4513030371025261,0.1374824937053599,-0.16489470498014752,-1.0316651582946654
761,0.2656879749662359,1.5304102262791812,4.994215586742832,3.8051752164346664
762,0.7231004937377982,2.266484525936035,7.617612433718864,6.648643518676786
763,0.024612125247911617,0.968998933322742,3.1432934690338517,2.1328179646076286
764,0.7199837301431654,2.4592888156097006,7.8649298210365535,6.965869879061697
765,-1.1029062129553697,-1.0760782170014505,-4.659942231008701,-5.556255514896266
766,-0.1016972745548716,0.8967385526249297,2.4132002777057484,1.3719404361981984
767,0.019279384513077216,1.098280019466497,3.1791860164352688,2.1265468084201573
768,1.8495912466796365,4.617654927245627,15.767394379524651,14.679601962592177
769,-0.21416665620008424,0.751788086680685,2.0504440991890354,0.9400666989396665
770,-0.4990166379941829,0.023490770775595374,-0.3608608700226317,-1.3398401159725555
771,0.02135122384354861,0.9420658955192421,2.834057848933817,1.8784781553331118
772,-0.9191134448699437,-0.8565173878255825,-3.374960322371533,-4.449641705656426
773,0.19275384906521617,1.4751325406660483,4.540698375695525,3.604442296038568
774,-0.36505521654625767,0.2706513167393005,0.5433692537393273,-0.5438065958504557
775,-1.7913275480411837,-2.493968627424091,-9.419964146009228,-10.457414174733456
776,-0.05858655113386085,0.9931962934784934,2.779095403499946,1.663592760041596
777,-0.31754309393019925,0.4049668805994721,1.0253864036056806,-0.041652765279102597
778,-1.6324233020679833,-2.3506168664406557,-8.65433028024554,-9.548885697856424
779,-0.06713415461452177,0.8792771570899545,2.5282840755176066,1.6148474396762091
780,1.4893559620744803,3.9832285097428435,13.397008745319763,12.323760215619025
781,0.5213037482757137,2.2285421299365904,7.2351988082310035,6.044493223989226
782,0.6119271927311578,2.0612221916796325,6.888844750220119,6.02112592029842
783,-1.3414967255830426,-1.6964756962755205,-6.383717024502927,-7.386038184935454
784,0.4768983689222224,1.8953873831649528,6.175135007163853,5.146967551415804
785,0.14844958138007808,1.3304097247797562,4.054816493519726,3.2073942447062804
786,0.5290452383344316,1.814334040748928,6.110853101319575,5.063040601683273
787,0.42262862170882565,1.9567496993666793,6.264947177135785,5.27425945634053
788,-1.3597807255038137,-1.718186602274074,-6.617265534772446,-7.407609786650881
789,-0.04140081155796743,0.7327282605212605,2.6606599159471007,1.498487118122141
790,-0.757870860425166,-0.5518530343243188,-2.4978886908562874,-3.41156786894918
791,-0.05008409428482209,0.9607280455958083,2.543010465251494,1.6712608066809982
792,-0.8974009269018305,-0.9539466413494642,-3.478693864952413,-4.520708027173582
793,1.3124703671409963,3.625262955926308,12.173764164957397,11.118015485366907
794,-0.8589723884443423,-0.8236921416688376,-3.1462607571566767,-4.219901897526304
795,-0.898942156465536,-0.8534828161189687,-3.474138659571484,-4.435538323350553
796,0.07458640654355353,1.1518466513545706,3.4361538914094023,2.4372453251984934
797,-1.0770990694039948,-1.135853113449832,-4.543984164810545,-5.470903488493159
798,-0.4246633024328657,0.10359914531599586,-0.3370129388856298,-1.205993208322409
799,-0.8299645975379619,-0.6326495561228974,-2.588059271789853,-3.695972336695277
800,1.4111720638896117,3.904141888504704,12.93483059133079,11.94510685983257
801,0.7858038268311726,2.543716226152021,8.253439372608472,7.271670798150767
802,-0.057469518465394644,1.0282177388141398,2.6790894171535333,1.8790161763530662
803,-0.39121705217401626,0.3637873127300094,0.579249743791059,-0.4029131457809075
804,0.9409176145751134,2.8389650225916436,9.474126898904807,8.558376348613951
805,0.40520408032288807,1.7466241049984177,5.773234458733233,4.790695824048215
806,0.4980524046828567,1.8296875108490962,5.896243780592035,4.918168195777722
807,-0.026192237344250482,0.93495859214756,2.646179550033405,1.6908260291667014
808,-1.6882300277714322,-2.4128038335544693,-8.785748656681818,-9.879632520972931
809,-0.11246598255955272,0.8529731568941937,2.5651541093357593,1.520448694103344
810,-0.5324899192090677,-0.21594599902496536,-0.8382718548625065,-1.9509873063096612
811,0.6450552734598769,2.2623714077454427,7.517559904059355,6.650042641055327
812,1.011842432994189,3.120559305299493,10.159256374545372,9.224151967290153
813,-0.6579510447611686,-0.3889377990781332,-1.7283151147437998,-2.724287032911571
814,0.46838523427705164,1.8605343148813422,5.975563354846565,5.016227251836908
815,1.7358789976857132,4.3270639618958455,14.813403922336757,13.821329694886431
816,-0.667712720570559,-0.07336805653929401,-1.3416141865493945,-2.223403846618562
817,1.6819217400731377,4.289096162339738,14.488940873240994,13.560558678967217
818,-0.852585847170647,-0.835206377563128,-3.4316706042419645,-4.267515208756763
819,0.022959755607951444,0.965534470812751,2.9112174072611006,2.0002199624384245
820,-0.011145611841841251,0.900279268267637,2.8387606395006,1.7693429674613987
821,0.011498899870062375,0.9960588218950007,3.0595389988818664,2.0809596873584613
822,-0.8376780419079453,-0.5928188606071391,-2.5340976763236776,-3.6846730001994286
823,-0.5911831037644297,-0.21219852442844284,-1.2919043104657053,-2.2323509230351375
824,-0.6677202863593994,-0.4277229042184816,-1.8989574135811234,-2.910864521668356
825,0.3269625954044574,1.5087913409898122,4.8464320631618865,3.9677572961771284
826,0.33003511451031164,1.6622559648426105,5.529780746113199,4.269713559071459
827,2.225944331738259,5.456142570879496,18.621353182621924,17.639215242491968
828,1.3709890062911214,3.8950712476851255,13.072625017340684,11.989662033310742
829,-0.5098432421384791,-0.010441710729977323,-0.3816701919939681,-1.4230086940806834
830,0.32486961579618606,1.6398384004639646,5.116127490838518,4.174515372322445
831,0.9971179807917595,2.8891705779247703,9.683542192605126,8.816632320758695
832,0.030601824338517807,1.0306083911671964,3.029168603644559,2.0135542911906783
833,-0.06964157844693558,0.8168693973026683,2.4064525566534543,1.4621315310897876
834,0.05157494276988904,1.066133469088408,3.3797085645464158,2.395258994695589
835,0.8672766288084278,2.638627718352797,8.929256578843916,7.8641263729641775
836,-0.8483205228052325,-0.6428080852828474,-2.7154900186714674,-3.723314134255505
837,-0.32566946882017417,0.33441652060871474,0.615679477462219,-0.42203215227464064
838,0.47043314484648185,1.920830941692465,6.1791014472207895,5.164096789615212
839,0.3114470715541555,1.4514895315034113,4.67701436013987,3.8237392934049206
840,0.23958275985639133,1.5285299284652691,5.017635391528429,3.878029171958295
841,-0.3698011663038032,0.3090991999904315,0.5846371850787299,-0.5329480445647454
842,0.9725357891425369,2.8611586380008522,9.480952847912766,8.594569333338438
843,2.1338682472045374,5.366748632796994,18.086469232512513,17.035939171369797
844,0.4064154936762062,1.6763551643441692,5.526042487145033,4.592244914161219
845,-0.1931767015498399,0.6114596060214122,1.6933669877764213,0.7680586214827484
846,0.7557402888945426,2.484359843800069,8.30552439905963,7.306008565193135
847,-0.53913263675299,-0.20998275238655933,-0.7929315265486925,-1.9676983495984623
848,-0.7496903447028966,-0.48041042819779367,-2.124793581848455,-3.2305893379966437
849,0.0328087476137118,1.2358745104516027,3.574366463651135,2.5138443278179494
850,-2.5827966329699446,-4.158829842933197,-15.113385556709995,-15.99832499313459
851,-1.1539503636520094,-1.354202902714924,-4.918003062074153,-6.17344800394929
852,-0.34796185592084583,0.34877870384687615,0.7236841209253443,-0.3636889836407233
853,-1.3533888581477134,-1.6962057167487112,-6.597637687691712,-7.362753945700201
854,-1.0326431018921296,-1.062509990621709,-4.202780598566231,-5.24272803208708
855,-0.4367483374580074,0.0839491038068404,-0.2749939022906702,-1.226124430698862
856,-1.6429652935306092,-2.1437330311319718,-8.084444857727778,-9.125443093322675
857,-0.4060717962598319,0.2334927438284147,0.2969061246016729,-0.7431579120792797
858,-0.5352701645328445,-0.12340739495923783,-1.048180125548889,-1.9563282179018784
859,0.025405208385016018,1.0400100330919362,3.227533677082528,2.044945101851759
860,1.1541840304940192,3.2342813905676313,10.960634522341948,9.940656060200006
861,0.1725044164928659,1.2841797179775825,4.413748442232631,3.31961365158159
862,0.021062021342063624,0.9780514702651073,3.115149300676605,1.9800069442017847
863,0.09945445703071175,1.0854777546892007,3.3618757347667807,2.435691494561979
864,0.22739277512112846,1.5325132466190525,4.808405089882544,3.899581938363196
865,-1.016738648609769,-1.0625814435468404,-4.068916218017263,-5.18110695290204
866,-0.11477532477079817,0.8258621082910806,2.3018352992206537,1.162551555944968
867,0.3087512418366131,1.5504898939004967,4.732252010976902,3.8699538680560153
868,-1.3707599825430605,-1.747556214525355,-6.2836016606853775,-7.484725979301143
869,0.8656529228158533,2.6602017859525957,8.960447463144385,7.98399779457777
870,1.0813760344581897,3.234718885970113,10.865356899009154,9.796178446157915
871,-0.6313759884493888,-0.28759390756928144,-1.4186526154141281,-2.475091436324601
872,-0.24133779145310455,0.44423705849865236,0.9946553080563786,0.09178954003971128
873,-0.8781903428100731,-0.9205510085011247,-3.583794170899608,-4.497389357004885
874,0.6993804835878171,2.4263276221097114,7.75604058279082,6.964399816720312
875,-1.0612222874459092,-1.1932830801256291,-4.769179151721512,-5.654064138158856
876,-0.2224770102429203,0.5534680578020599,1.3474024797562092,0.49565007583047155
877,-0.8589199078076716,-0.7670128264166959,-3.232725941559349,-4.236744993136378
878,0.050954277011289496,1.1973275121124556,3.6511821940734657,2.5142419788012575
879,-1.794229271489721,-2.534044067743641,-9.473891230270743,-10.471176737204095
880,1.3264616423656934,3.69764449347687,12.339457348951557,11.305571932733283
881,-0.964606424206264,-0.9908249607448758,-4.018219375273733,-5.096019729610526
882,0.05989468311627605,1.1664183705875713,3.6252787010371255,2.5573077569350957
883,-0.2125230447703092,0.7464370713269859,1.7411467822878675,0.7797299322990175
884,-0.7621145119224981,-0.6074476272600025,-2.515002500438412,-3.368667994355062
885,-0.8877801366359354,-0.7583263593489519,-3.2571719073781797,-4.214191356374115
886,0.9363985435524596,2.7078753896632057,9.177106386667058,8.170810451140667
887,-0.5256405931019397,0.08857502300867423,-0.4777840598876638,-1.3906195386105829
888,0.2711701846373109,1.5025491594155376,4.960148918676158,3.923952847606053
889,-0.8014968853943748,-0.5247358827045518,-2.539574397498259,-3.510303187904045
890,-0.6471814318477607,-0.46668568876715366,-1.7112597508435223,-2.7734419035946116
891,0.47224715008784873,2.124248238888288,6.728944344523402,5.809268292141884
892,0.9304084961111163,2.825129839419673,9.448320682307351,8.540517448238289
893,-0.17531640232701995,0.7039329276929629,2.2219654312744854,1.0445597975040917
894,-1.4219198716404369,-1.8287579226476143,-6.7911352343439235,-7.794010858115292
895,1.9979560797500047,4.9703650808812325,17.141383015341333,16.08608663040178
896,-0.8565493082342095,-0.5445193862024886,-2.608096290455257,-3.4982540651660416
897,-1.5415873996717875,-2.247979419980193,-8.137640531560965,-9.099914086012753
898,2.594424587768152,6.218720541535505,21.246009404699006,20.177792456418246
899,-0.40403229385093714,0.28299997952112277,0.28424029992966193,-0.8723212860349465
900,-1.4617326882614081,-1.926450988686453,-7.442821861589264,-8.37037335410931
901,-0.6834397667886818,-0.37869661201402277,-1.932832545453867,-2.8525408043099705
902,0.36754489602226903,1.7208210208371915,5.503836326982699,4.506103221017134
903,0.1903115575939397,1.2578594731468387,3.918934657760402,3.0713741727352875
904,-0.85172919725359,-0.6996456560976865,-3.0575682836287807,-4.054554952981018
905,1.8227236001279594,4.696718952603159,15.695558105984526,14.702030944446065
906,-0.5215796779933731,-0.0362994332386802,-0.5778853020712265,-1.6503602171041525
907,-1.184686590411552,-1.3966007909376121,-5.224742171722163,-6.36620314599106
908,0.9606933984606597,2.8724142946840163,9.603137812375033,8.546153380595024
909,1.3290628465396823,3.6301960261515274,12.247520480853032,11.173365375757063
910,-0.8174930976162265,-0.5092117734828491,-2.559690603888188,-3.5649184990016183
911,-1.4013472930393105,-2.0113580840206753,-7.302384878708531,-8.266410421060915
912,1.0304382674156047,3.064883680485987,9.935854193603587,9.135451880519264
913,-2.0473236130579617,-3.1274227178455654,-11.359450823630777,-12.270828741713315
914,-1.2266216593966155,-1.3076625236095467,-5.249363683735095,-6.271090352204428
915,0.967446150050235,2.9404415226448504,9.521430331258756,8.685989703637755
916,-0.05535254802238957,1.0377874638252162,2.905761487714845,1.8814725054365182
917,-0.26393734859268786,0.2597363010100684,0.5695485245801591,-0.3903680043930458
918,0.35281660649437835,1.7515917034721622,5.560694070686769,4.662850055944938
919,-0.15277442354540868,0.7224569389129506,2.0780068479822567,1.125009279647757
920,-1.2986867221630902,-1.4583200476187868,-5.614621911325381,-6.687500063451541
921,1.2760753460061875,3.388015831130072,11.578338548116395,10.489788437154447
922,1.3250140528868153,3.634524524961798,12.041262365866501,11.234964506611425
923,0.2053325637779597,1.4172711537345688,4.395434530036858,3.4103829312517253
924,0.045134015432010274,1.0406884814094994,3.3643687855347983,2.2729803197064475
925,2.339624806020058,5.80090738341441,19.49410871859967,18.519898204560604
926,-0.2764328450158372,0.41326609142378584,0.9405260054913798,-0.07035552160004159
927,-0.25957698183403943,0.6843222907340365,1.399050845604747,0.5485919331307739
928,0.36448124924050557,1.8343802893749035,5.729529807702736,4.777533173384565
929,1.4713219561423383,4.037727281985057,13.74171084614974,12.558833303210918
930,1.5927707544174836,4.241471406974056,14.149575504475367,13.228382307926902
931,-0.25857263167677125,0.3764851775439027,0.8995857332905122,0.04364896761011386
932,0.30833124595934525,1.5735528581676148,5.16925426574882,4.1543070898929795
933,-1.3780834670640771,-1.6988917974424327,-6.474492586457704,-7.5533555197642785
934,-0.31197610791621294,0.44380348752634585,0.9464938870800188,-0.17288716198250687
935,-0.8402903954793065,-0.5498624064504872,-2.7894872970948352,-3.737715032882308
936,-1.0068317522989838,-1.0604076055605582,-4.059890212840039,-5.082137770502911
937,1.6815767162673276,4.277138094042189,14.605819381083435,13.551383893254895
938,-0.7922866618061449,-0.4986629043337368,-2.480527673570733,-3.545448726354154
939,-0.5316059080114549,-0.1441744736269211,-0.8765917088708614,-1.821871434469907
940,0.3658487879168582,1.8190287594407575,5.919831827776281,4.748559334686711
941,1.2978252669735855,3.7156241515886745,12.11539769372877,11.184127395983843
942,0.4811151263888354,2.007845556360376,6.647765705876837,5.576978490007523
943,2.759355114021582,6.482952324846305,22.325442466858576,21.327633590473127
944,-0.07466797825114957,0.8547722661120888,2.4406932661972944,1.4994151225997467
945,0.25871644022974605,1.576779472419816,4.737991198859173,3.8022763287554286
946,0.27560067398405635,1.5522198998393202,4.732374077250258,3.791008768342281
947,1.4350493867891545,4.089928407445358,13.409611020068704,12.454298126574034
948,0.5072389511096153,1.9154108091565154,6.079258372751257,5.181146932686848
949,-0.1162297003871491,0.6672737404887228,2.096107377455624,1.026366407134447
950,-0.9474885949068795,-0.9926667284872916,-4.039233104595278,-4.968881573033255
951,0.24444345596163258,1.4299289196687437,4.548177395277806,3.609679480147855
952,1.4013448312919596,3.5847965105644284,12.393683428852885,11.344814369732061
953,-0.4103817936578706,0.1162713699902407,0.0617796915032092,-0.927424114183426
954,0.5289436184165822,1.9925587666403757,6.335963265476457,5.478153629004349
955,0.24614778868484416,1.500146979887106,4.672509320926791,3.7661102707812173
956,0.8635196583813146,2.768819375083237,8.969057981584854,7.988713706026954
957,-0.8047537406378693,-0.7335291149165156,-2.859263280306446,-3.801764496569699
958,2.3466470305265617,5.783299485329531,19.6700921393363,18.595043885611
959,-1.2791611070282582,-1.3780979910774618,-5.6205344392422365,-6.544094236343155
960,-0.3655510899860373,0.24806930971842575,0.17072010769161522,-0.7325671852040636
961,0.9380925409056455,3.0336222055588484,9.830375840523947,8.93143046140181
962,0.29673317249411335,1.6133652944287455,5.1882161706659655,4.147550445970202
963,0.8299861590811032,2.858845510021746,9.292366459166711,8.244019286558139
964,-0.49610233398256237,0.11952367860369428,-0.385240707195988,-1.2179962484389
965,-0.07480498268034107,0.6939995711553412,2.206445325642435,1.1442378059906244
966,0.012231983638817386,1.0263267043437703,3.2995766086851863,2.2134792816355917
967,1.5692596145359043,4.243951726562217,14.01099272197467,13.180092498155576
968,0.690429024383049,2.3839127068701593,7.6961524239142864,6.765195566850383
969,0.7966721083646714,2.589655863644836,8.70634467548259,7.5634554330467925
970,-0.6579260925367952,-0.18887571004216008,-1.345971321636634,-2.446581492239159
971,0.9688826385630508,2.866779858911491,9.596287257104153,8.59380799117905
972,0.22558166356880352,1.4529148884654288,4.614975045647271,3.564850106018328
973,1.3891453156779274,3.8106532078167668,12.961988912964738,11.75078695060273
974,2.014060154918468,4.994741213801579,17.101882296984375,16.05160259963911
975,-0.30676577602700456,0.38445553755823714,0.9211090000242041,0.043189886166093344
976,-0.40630313044506255,0.26489606543229194,0.5044716234740909,-0.6320222764859917
977,-0.8640449911023695,-0.6848062200547397,-2.9416112377502404,-3.8545173486877786
978,-0.14357951171632055,0.6319692233694055,1.8822191914378092,0.7828289678530258
979,-0.3820254489503836,0.12553670351930662,0.11192249743263646,-0.9537045686630524
980,0.35950439957101016,1.640098581116355,5.409843911557019,4.320892556256442
981,-0.14456681693373594,0.7109912117113767,2.2276641798893495,1.0735708823484333
982,-0.3615992807816198,0.2608074596610561,0.07541379630336778,-0.777994770845837
983,1.0645851361278518,3.045974522933991,10.17542912122852,9.1823879767224
984,-0.9378802311514517,-0.935575507554552,-3.479953173625449,-4.674558123880037
985,0.43310795315134365,1.714211977783481,5.802976752766695,4.7053385783147
986,-0.4059417271884834,0.22990191594476575,0.4564674522725171,-0.5612483814616142
987,0.7243685048699644,2.4447351372047654,8.005026797590794,7.107344110593689
988,1.3852615467222305,3.644544359103934,12.389326263316706,11.37865421402151
989,-0.3030982534240727,0.3966655435706329,0.6350874901607118,-0.2737243799848871
990,0.44103290727315136,2.016328015597338,6.174862053873902,5.321698749520344
991,0.17879286573317985,1.2835921461698339,4.030888751577221,2.9732408812713658
992,-0.7994223995430966,-0.4673310325140959,-2.2797236380818036,-3.286254198615638
993,0.24078750974193844,1.4492292722355344,4.559580425644981,3.6369317059210524
994,0.28912050527881217,1.598023827342611,5.134907182627157,4.095412363730932
995,0.4128708204461747,1.8355167211345678,6.067174581308348,5.117563570087163
996,-0.19839889682004574,0.7433545479604331,1.9787217157394372,0.8007658073186992
997,0.09419230031014657,1.2042279852988462,3.668735206311546,2.6717924507485415
998,-1.1476109448431353,-1.4094120316066552,-5.225199650944598,-6.382908472191607
999,-0.35811407547985674,0.15267481199616528,0.14166733585385866,-0.7770524540622523
